1003,Tamra Amber,Accounts,AK,5717.0,47,1291
1008,Recalde Kensinger,Accounts,LA,3704.0,48,1330
1011,Barringer Escoto,Purchasing,WA,1685.0,49,1706
1018,Vankirk Jacquelyne,Purchasing,NY,8636.0,47,1192
1025,Dionne Lemaster,Sales,AK,5134.0,48,1356
1030,Trena Benz,Accounts,NY,4376.0,49,1624
1039,Dynes Katlyn,Accounts,AK,3039.0,48,834
1058,Clune Norene,Finance,AK,1605.0,49,801
1074,Rocha Dionne,Accounts,CA,3470.0,49,706
1088,Imai Locust,Sales,NY,9982.0,49,1809
1090,Clemencia Rudolph,Finance,NY,1296.0,50,1209
1099,Zollner Marvis,Purchasing,CA,4230.0,50,951
1118,Kohn Antonina,Sales,CA,9311.0,48,1229
1126,Norene Mayeda,Accounts,LA,3100.0,50,1333
1136,Jaclyn Baros,Sales,LA,1699.0,48,1094
1164,Gallman Nakano,Sales,CA,6813.0,47,857
1165,Luisa Grigg,Purchasing,AK,9297.0,48,1545
1169,Kreamer Shandra,HR,WA,4968.0,46,889
1170,Fender Coogan,Marketing,AK,1151.0,50,1845
1183,Lonergan Bergren,HR,NY,8175.0,46,1730
1185,Casimira Kreamer,Marketing,CA,6110.0,50,761
1186,Tyree Recalde,Accounts,NY,5932.0,50,1144
1187,Gilma Hallie,Finance,CA,2502.0,50,1882
1191,Reighard Herder,Finance,AK,7609.0,47,615
1210,Dynes Clemencia,Finance,WA,3922.0,47,1075
1211,Lemaster Debroah,Finance,AK,7957.0,47,1062
1214,Marvis Lisabeth,Finance,NY,1062.0,49,639
1220,Nitz Ilana,Finance,NY,2443.0,50,1342
1251,Imai Shandra,Finance,LA,3661.0,46,880
1272,Lemaster Fender,Sales,WA,2405.0,50,732
1282,Recalde Zollner,HR,CA,8860.0,50,890
1293,Antonina Ullery,Purchasing,CA,1787.0,50,919
1304,Herder Gallman,HR,CA,8589.0,46,1086
1318,Luisa Rudolph,HR,NY,6794.0,48,1642
1323,Gilma Fender,HR,CA,1829.0,50,880
1325,Bergren Barringer,HR,AK,8277.0,46,1277
1334,Trena Lemaster,Finance,LA,6283.0,50,831
1336,Layla Marvis,HR,NY,6196.0,50,1768
1340,Nakano Benz,Marketing,AK,3367.0,49,1221
1343,Melvina Trena,Accounts,WA,9592.0,50,1512
1346,Debroah Tiffani,Accounts,AK,9357.0,46,573
1354,Kreamer Kaczorowski,HR,CA,9857.0,49,524
1356,Sifford Antonina,Purchasing,CA,2357.0,46,1260
1360,Amber Locust,Purchasing,LA,1922.0,50,1406
1370,Frisina Lisabeth,Accounts,CA,5377.0,46,971
1377,Ullery Kaczorowski,Sales,LA,8929.0,50,1554
1388,Harrison Baros,Marketing,AK,9640.0,46,532
1394,Sifford Layla,Finance,CA,3641.0,47,1707
1400,Bergren Clemencia,Purchasing,LA,5321.0,47,1169
1403,Larry Reardon,HR,NY,9004.0,48,716
1406,Georgeanna Lemaster,Purchasing,LA,8239.0,47,1405
1409,Mullan Gilma,HR,LA,4276.0,47,1158
1414,Durio Janey,Finance,NY,2992.0,46,1733
1415,Nakano Larry,Purchasing,WA,1178.0,47,1545
1419,Yessenia Antonina,Marketing,LA,2421.0,46,1514
1422,Escoto Megan,Accounts,AK,4728.0,47,655
1425,Laub Marvis,Sales,NY,8747.0,46,1322
1433,Reighard Kensinger,Purchasing,WA,5248.0,49,1517
1441,Shandra Frisina,Sales,AK,6010.0,46,508
1442,Ullery Rudolph,Sales,AK,6490.0,48,1085
1444,Benz Ilana,HR,LA,9101.0,48,518
1449,Amber Tyree,HR,LA,1429.0,47,1177
1452,Melvina Zollner,Marketing,NY,5345.0,48,1371
1456,Margret Rudolph,Sales,AK,2375.0,48,604
1461,Norene Luisa,Sales,AK,2471.0,47,1215
1462,Reardon Juliana,Finance,WA,5881.0,48,1306
1468,Karie Antonio,Purchasing,LA,1876.0,47,1949
1477,Harrison Ilana,HR,AK,8111.0,48,1830
1479,Larry Antonio,Finance,CA,5850.0,48,1382
1484,Katlyn Jere,Accounts,LA,4803.0,46,1873
1491,Rocha Harrison,Purchasing,WA,7308.0,46,1521
1510,Nitz Cobian,Marketing,AK,9222.0,50,1152
1512,Vankirk Megan,HR,LA,6365.0,49,1554
1515,Zollner Gilma,Finance,CA,8924.0,50,1161
1519,Melissia Casimira,Sales,LA,6300.0,47,1131
1522,Jaclyn Jaclyn,HR,AK,7505.0,49,1081
1530,Ilana Katlyn,Sales,CA,7959.0,46,1138
1532,Harrison Barringer,HR,WA,7874.0,50,1184
1536,Soules Stanford,HR,AK,3616.0,50,1703
1539,Vivan Benz,Sales,AK,2725.0,48,1549
1548,Exie Leonel,Marketing,AK,4930.0,48,1761
1566,Georgeanna Janey,HR,WA,7393.0,49,1813
1569,Rocha Margret,Sales,CA,1164.0,49,674
1574,Hallie Figueras,Marketing,CA,7532.0,46,1655
1575,Kaczorowski Yukiko,HR,NY,5082.0,50,1727
1576,Karie Jaclyn,Sales,LA,2611.0,47,1026
1577,Dynes Reardon,Sales,LA,5311.0,47,1865
1578,Lisabeth Rocha,Sales,LA,7954.0,48,1514
1595,Gilma Mullan,Accounts,NY,8688.0,48,530
1609,Zollner Yukiko,Marketing,AK,5535.0,48,937
1610,Soules Luisa,HR,NY,5691.0,48,797
1611,Georgeanna Vivan,Purchasing,CA,2588.0,48,594
1616,Kall Trena,Finance,CA,3084.0,47,1871
1617,Dedman Ilana,Sales,CA,1712.0,49,743
1626,Ullery Kaczorowski,Sales,WA,9015.0,46,938
1636,Grigg Recalde,Accounts,CA,2262.0,47,730
1641,Jacquelyne Escoto,Sales,WA,7763.0,46,727
1643,Herder Yessenia,HR,WA,2298.0,46,853
1646,Nitz Tyree,Marketing,AK,3943.0,48,809
1647,Drema Jaclyn,Finance,LA,5232.0,46,872
1653,Debroah Herder,Sales,LA,4018.0,47,1853
1656,Tenenbaum Luisa,HR,WA,5220.0,46,942
1665,Imai Cobian,Purchasing,CA,9297.0,48,1092
1670,Rocha Coogan,Accounts,AK,1210.0,46,1753
1679,Kaczorowski Hallie,HR,AK,9137.0,49,1014
1685,Lonergan Deandre,Accounts,NY,8045.0,47,1606
1694,Ullery Lemaster,Marketing,NY,3675.0,46,1998
1702,Rudolph Juliana,Marketing,NY,7623.0,47,1166
1707,Frisina Dionne,Marketing,AK,7351.0,48,1239
1710,Benz Louann,HR,AK,4923.0,50,958
1715,Lisabeth Yessenia,Accounts,LA,7417.0,48,907
1720,Locust Hanh,Finance,AK,1737.0,48,1243
1727,Exie Hanh,Marketing,CA,6842.0,47,563
1729,Figueras Figueras,HR,NY,4963.0,50,884
1734,Laub Dionne,Accounts,LA,8385.0,50,1870
1744,Hanh Tyree,HR,CA,1093.0,47,635
1756,Toussaint Clune,Purchasing,LA,4978.0,48,1318
1757,Tenenbaum Leif,Marketing,CA,1981.0,50,909
1762,Amber Ullery,Purchasing,CA,9985.0,47,1408
1775,Clemencia Lisabeth,Marketing,NY,9178.0,48,788
1780,Margret Reardon,Finance,NY,9677.0,47,567
1789,Jacquelyne Clemencia,Accounts,AK,2173.0,49,914
1791,Tyree Jere,Purchasing,CA,8886.0,46,597
1793,Margret Imai,Purchasing,AK,4121.0,46,1396
1799,Yessenia Kall,HR,CA,6656.0,49,1350
1800,Richter Imai,HR,WA,8106.0,50,1350
1805,Mckey Clune,Accounts,WA,9436.0,48,1795
1807,Lemaster Casimira,Finance,AK,8257.0,47,1420
1810,Casimira Ullery,HR,CA,2467.0,49,584
1811,Yessenia Antonio,HR,LA,9650.0,46,806
1820,Cobian Ilana,Sales,NY,4883.0,48,786
1824,Melvina Dionne,HR,AK,8229.0,48,999
1826,Kall Ellingsworth,HR,WA,2998.0,50,1759
1829,Megan Fender,Accounts,WA,6741.0,47,1478
1839,Casimira Laub,Finance,AK,3779.0,47,1582
1844,Reighard Exie,HR,WA,6011.0,48,510
1845,Stanford Luisa,Finance,NY,8499.0,47,595
1858,Jere Shandra,Marketing,WA,9209.0,47,800
1869,Ilana Nakano,HR,NY,9634.0,49,712
1870,Melissia Locust,HR,AK,6759.0,49,730
1880,Melvina Rocha,HR,WA,8628.0,46,1973
1881,Antonio Dynes,Purchasing,AK,2967.0,46,1618
1883,Hanh Cobian,Marketing,AK,9793.0,48,1410
1885,Fender Coogan,Finance,CA,3157.0,48,1512
1893,Reardon Ilana,HR,NY,4794.0,47,571
1908,Bergren Figueras,Finance,WA,3728.0,48,1708
1910,Mcmillion Kall,Finance,WA,5882.0,46,1308
1911,Rocha Leonel,Marketing,AK,7612.0,47,1269
1914,Ellingsworth Byrge,Finance,LA,3413.0,49,1060
1915,Zollner Figueras,Sales,AK,9674.0,49,1097
1930,Barringer Mcmillion,Accounts,CA,1477.0,48,609
1945,Ullery Barringer,Sales,AK,1418.0,48,780
1951,Richter Larry,Accounts,AK,8699.0,49,1789
1958,Coogan Larry,Sales,NY,3964.0,48,537
1960,Yukiko Ellingsworth,Accounts,NY,9065.0,49,1140
1965,Marvis Hanh,Purchasing,CA,1892.0,48,1202
1970,Vivan Clemencia,Accounts,WA,3421.0,48,895
1972,Marvis Villela,Sales,AK,6355.0,49,1351
1977,Leif Herder,Accounts,AK,9266.0,48,1225
1978,Stanford Clemencia,Finance,LA,2350.0,46,1481
1981,Louann Kreamer,Purchasing,LA,3083.0,50,1501
1986,Sifford Shandra,Finance,CA,1825.0,48,1700
1987,Coogan Layla,Finance,LA,6142.0,47,1620
1991,Barringer Mullan,Purchasing,CA,2569.0,48,993
1992,Vivan Kensinger,Marketing,CA,3652.0,50,1558
1999,Dionne Gilma,HR,LA,8389.0,50,1829
